{"cameraMode":{"drawMode":3,"name":"Shadow Cascades","section":"Miscellaneous"},"sceneLighting":true,"audioPlay":false,"sceneViewState":{"showFog":true,"showMaterialUpdate":false,"showSkybox":false,"showFlares":true,"showImageEffects":true,"showParticleSystems":true},"in2DMode":false,"pivot":{"x":-1.4916961193084717,"y":-0.16056384146213532,"z":1.8442645072937012},"rotation":{"x":0.03019498847424984,"y":0.284178227186203,"z":-0.008954549208283425,"w":0.9582546353340149},"size":2.7660329341888429,"orthographic":false}